Title,Company,Location,Apply Link,Page
Senior Python Developer,"Payne, Roberts and Davis","Stewartbury, AA",https://www.realpython.com,1
Energy engineer,Vasquez-Davidson,"Christopherville, AA",https://www.realpython.com,1
Legal executive,"Jackson, Chambers and Levy","Port Ericaburgh, AA",https://www.realpython.com,1
Fitness centre manager,Savage-Bradley,"East Seanview, AP",https://www.realpython.com,1
Product manager,Ramirez Inc,"North Jamieview, AP",https://www.realpython.com,1
Medical technical officer,Rogers-Yates,"Davidville, AP",https://www.realpython.com,1
Physiological scientist,Kramer-Klein,"South Christopher, AE",https://www.realpython.com,1
Textile designer,Meyers-Johnson,"Port Jonathan, AE",https://www.realpython.com,1
Television floor manager,Hughes-Williams,"Osbornetown, AE",https://www.realpython.com,1
Waste management officer,"Jones, Williams and Villa","Scotttown, AP",https://www.realpython.com,1
Software Engineer (Python),Garcia PLC,"Ericberg, AE",https://www.realpython.com,1
Interpreter,Gregory and Sons,"Ramireztown, AE",https://www.realpython.com,1
Architect,"Clark, Garcia and Sosa","Figueroaview, AA",https://www.realpython.com,1
Meteorologist,Bush PLC,"Kelseystad, AA",https://www.realpython.com,1
Audiological scientist,Salazar-Meyers,"Williamsburgh, AE",https://www.realpython.com,1
English as a second language teacher,"Parker, Murphy and Brooks","Mitchellburgh, AE",https://www.realpython.com,1
Surgeon,Cruz-Brown,"West Jessicabury, AA",https://www.realpython.com,1
Equities trader,Macdonald-Ferguson,"Maloneshire, AE",https://www.realpython.com,1
Newspaper journalist,"Williams, Peterson and Rojas","Johnsonton, AA",https://www.realpython.com,1
Materials engineer,Smith and Sons,"South Davidtown, AP",https://www.realpython.com,1
Python Programmer (Entry-Level),"Moss, Duncan and Allen","Port Sara, AE",https://www.realpython.com,1
Product/process development scientist,Gomez-Carroll,"Marktown, AA",https://www.realpython.com,1
"Scientist, research (maths)","Manning, Welch and Herring","Laurenland, AE",https://www.realpython.com,1
Ecologist,"Lee, Gutierrez and Brown","Lauraton, AP",https://www.realpython.com,1
Materials engineer,"Davis, Serrano and Cook","South Tammyberg, AP",https://www.realpython.com,1
Historic buildings inspector/conservation officer,Smith LLC,"North Brandonville, AP",https://www.realpython.com,1
Data scientist,Thomas Group,"Port Robertfurt, AA",https://www.realpython.com,1
Psychiatrist,Silva-King,"Burnettbury, AE",https://www.realpython.com,1
Structural engineer,Pierce-Long,"Herbertside, AA",https://www.realpython.com,1
Immigration officer,Walker-Simpson,"Christopherport, AP",https://www.realpython.com,1
Python Programmer (Entry-Level),Cooper and Sons,"West Victor, AE",https://www.realpython.com,1
Neurosurgeon,"Donovan, Gonzalez and Figueroa","Port Aaron, AP",https://www.realpython.com,1
Broadcast engineer,"Morgan, Butler and Bennett","Loribury, AA",https://www.realpython.com,1
Make,Snyder-Lee,"Angelastad, AP",https://www.realpython.com,1
"Nurse, adult",Harris PLC,"Larrytown, AE",https://www.realpython.com,1
Air broker,Washington PLC,"West Colin, AP",https://www.realpython.com,1
"Editor, film/video","Brown, Price and Campbell","West Stephanie, AP",https://www.realpython.com,1
"Production assistant, radio",Mcgee PLC,"Laurentown, AP",https://www.realpython.com,1
"Engineer, communications",Dixon Inc,"Wrightberg, AP",https://www.realpython.com,1
Sales executive,"Thompson, Sheppard and Ward","Alberttown, AE",https://www.realpython.com,1
Software Developer (Python),Adams-Brewer,"Brockburgh, AE",https://www.realpython.com,1
Futures trader,Schneider-Brady,"North Jason, AE",https://www.realpython.com,1
Tour manager,Gonzales-Frank,"Arnoldhaven, AE",https://www.realpython.com,1
Cytogeneticist,Smith-Wong,"Lake Destiny, AP",https://www.realpython.com,1
"Designer, multimedia",Pierce-Herrera,"South Timothyburgh, AP",https://www.realpython.com,1
Trade union research officer,"Aguilar, Rivera and Quinn","New Jimmyton, AE",https://www.realpython.com,1
"Chemist, analytical","Lowe, Barnes and Thomas","New Lucasbury, AP",https://www.realpython.com,1
"Programmer, multimedia","Lewis, Gonzalez and Vasquez","Port Cory, AE",https://www.realpython.com,1
"Engineer, broadcasting (operations)",Taylor PLC,"Gileston, AA",https://www.realpython.com,1
"Teacher, primary school","Oliver, Jones and Ramirez","Cindyshire, AA",https://www.realpython.com,1
Python Developer,Rivera and Sons,"East Michaelfort, AA",https://www.realpython.com,1
Manufacturing systems engineer,Garcia PLC,"Joybury, AE",https://www.realpython.com,1
"Producer, television/film/video","Johnson, Wells and Kramer","Emmatown, AE",https://www.realpython.com,1
"Scientist, forensic",Gonzalez LLC,"Colehaven, AP",https://www.realpython.com,1
Bonds trader,"Morgan, White and Macdonald","Port Coryton, AE",https://www.realpython.com,1
Editorial assistant,Robinson-Fitzpatrick,"Amyborough, AA",https://www.realpython.com,1
Photographer,"Waters, Wilson and Hoover","Reynoldsville, AA",https://www.realpython.com,1
Retail banker,Hill LLC,"Port Billy, AP",https://www.realpython.com,1
Jewellery designer,Li-Gregory,"Adamburgh, AA",https://www.realpython.com,1
Ophthalmologist,"Fisher, Ryan and Coleman","Wilsonmouth, AA",https://www.realpython.com,1
"Back-End Web Developer (Python, Django)",Stewart-Alexander,"South Kimberly, AA",https://www.realpython.com,1
Licensed conveyancer,Abbott and Sons,"Benjaminland, AP",https://www.realpython.com,1
Futures trader,"Bryant, Santana and Davenport","Zacharyport, AA",https://www.realpython.com,1
Counselling psychologist,Smith PLC,"Port Devonville, AE",https://www.realpython.com,1
Insurance underwriter,Patterson-Singh,"East Thomas, AE",https://www.realpython.com,1
"Engineer, automotive",Martinez-Berry,"New Jeffrey, AP",https://www.realpython.com,1
"Producer, radio","May, Taylor and Fisher","Davidside, AA",https://www.realpython.com,1
Dispensing optician,"Bailey, Owen and Thompson","Jamesville, AA",https://www.realpython.com,1
"Designer, fashion/clothing",Vasquez Ltd,"New Kelly, AP",https://www.realpython.com,1
Chartered loss adjuster,Leblanc LLC,"Lake Antonio, AA",https://www.realpython.com,1
"Back-End Web Developer (Python, Django)","Jackson, Ali and Mckee","New Elizabethside, AA",https://www.realpython.com,1
Forest/woodland manager,"Blankenship, Knight and Powell","Millsbury, AE",https://www.realpython.com,1
Clinical cytogeneticist,"Patton, Haynes and Jones","Lloydton, AP",https://www.realpython.com,1
Print production planner,Wood Inc,"Port Jeremy, AA",https://www.realpython.com,1
Systems developer,Collins Group,"New Elizabethtown, AA",https://www.realpython.com,1
Graphic designer,Flores-Nelson,"Charlesstad, AE",https://www.realpython.com,1
Writer,"Mitchell, Jones and Olson","Josephbury, AE",https://www.realpython.com,1
Field seismologist,Howard Group,"Seanfurt, AA",https://www.realpython.com,1
Chief Strategy Officer,Kramer-Edwards,"Williambury, AA",https://www.realpython.com,1
Air cabin crew,Berry-Houston,"South Jorgeside, AP",https://www.realpython.com,1
Python Programmer (Entry-Level),Mathews Inc,"Robertborough, AP",https://www.realpython.com,1
Warden/ranger,Riley-Johnson,"South Saratown, AP",https://www.realpython.com,1
Sports therapist,Spencer and Sons,"Hullview, AA",https://www.realpython.com,1
Arts development officer,Camacho-Sanchez,"Philipland, AP",https://www.realpython.com,1
Printmaker,Oliver and Sons,"North Patty, AE",https://www.realpython.com,1
Health and safety adviser,Eaton PLC,"North Stephen, AE",https://www.realpython.com,1
Manufacturing systems engineer,Stanley-Frederick,"Stevensland, AP",https://www.realpython.com,1
"Programmer, applications",Bradley LLC,"Reyesstad, AE",https://www.realpython.com,1
Medical physicist,"Parker, Goodwin and Zavala","Bellberg, AP",https://www.realpython.com,1
Media planner,Kim-Miles,"North Johnland, AE",https://www.realpython.com,1
Software Developer (Python),Moreno-Rodriguez,"Martinezburgh, AE",https://www.realpython.com,1
"Surveyor, land/geomatics",Brown-Ortiz,"Joshuatown, AE",https://www.realpython.com,1
Legal executive,Hartman PLC,"West Ericstad, AA",https://www.realpython.com,1
"Librarian, academic",Brooks Inc,"Tuckertown, AE",https://www.realpython.com,1
Barrister,Washington-Castillo,"Perezton, AE",https://www.realpython.com,1
Museum/gallery exhibitions officer,"Nguyen, Yoder and Petty","Lake Abigail, AE",https://www.realpython.com,1
"Radiographer, diagnostic",Holder LLC,"Jacobshire, AP",https://www.realpython.com,1
Database administrator,Yates-Ferguson,"Port Susan, AE",https://www.realpython.com,1
Furniture designer,Ortega-Lawrence,"North Tiffany, AA",https://www.realpython.com,1
Ship broker,"Fuentes, Walls and Castro","Michelleville, AP",https://www.realpython.com,1
Senior Python Developer,"Payne, Roberts and Davis","Stewartbury, AA",https://www.realpython.com,2
Energy engineer,Vasquez-Davidson,"Christopherville, AA",https://www.realpython.com,2
Legal executive,"Jackson, Chambers and Levy","Port Ericaburgh, AA",https://www.realpython.com,2
Fitness centre manager,Savage-Bradley,"East Seanview, AP",https://www.realpython.com,2
Product manager,Ramirez Inc,"North Jamieview, AP",https://www.realpython.com,2
Medical technical officer,Rogers-Yates,"Davidville, AP",https://www.realpython.com,2
Physiological scientist,Kramer-Klein,"South Christopher, AE",https://www.realpython.com,2
Textile designer,Meyers-Johnson,"Port Jonathan, AE",https://www.realpython.com,2
Television floor manager,Hughes-Williams,"Osbornetown, AE",https://www.realpython.com,2
Waste management officer,"Jones, Williams and Villa","Scotttown, AP",https://www.realpython.com,2
Software Engineer (Python),Garcia PLC,"Ericberg, AE",https://www.realpython.com,2
Interpreter,Gregory and Sons,"Ramireztown, AE",https://www.realpython.com,2
Architect,"Clark, Garcia and Sosa","Figueroaview, AA",https://www.realpython.com,2
Meteorologist,Bush PLC,"Kelseystad, AA",https://www.realpython.com,2
Audiological scientist,Salazar-Meyers,"Williamsburgh, AE",https://www.realpython.com,2
English as a second language teacher,"Parker, Murphy and Brooks","Mitchellburgh, AE",https://www.realpython.com,2
Surgeon,Cruz-Brown,"West Jessicabury, AA",https://www.realpython.com,2
Equities trader,Macdonald-Ferguson,"Maloneshire, AE",https://www.realpython.com,2
Newspaper journalist,"Williams, Peterson and Rojas","Johnsonton, AA",https://www.realpython.com,2
Materials engineer,Smith and Sons,"South Davidtown, AP",https://www.realpython.com,2
Python Programmer (Entry-Level),"Moss, Duncan and Allen","Port Sara, AE",https://www.realpython.com,2
Product/process development scientist,Gomez-Carroll,"Marktown, AA",https://www.realpython.com,2
"Scientist, research (maths)","Manning, Welch and Herring","Laurenland, AE",https://www.realpython.com,2
Ecologist,"Lee, Gutierrez and Brown","Lauraton, AP",https://www.realpython.com,2
Materials engineer,"Davis, Serrano and Cook","South Tammyberg, AP",https://www.realpython.com,2
Historic buildings inspector/conservation officer,Smith LLC,"North Brandonville, AP",https://www.realpython.com,2
Data scientist,Thomas Group,"Port Robertfurt, AA",https://www.realpython.com,2
Psychiatrist,Silva-King,"Burnettbury, AE",https://www.realpython.com,2
Structural engineer,Pierce-Long,"Herbertside, AA",https://www.realpython.com,2
Immigration officer,Walker-Simpson,"Christopherport, AP",https://www.realpython.com,2
Python Programmer (Entry-Level),Cooper and Sons,"West Victor, AE",https://www.realpython.com,2
Neurosurgeon,"Donovan, Gonzalez and Figueroa","Port Aaron, AP",https://www.realpython.com,2
Broadcast engineer,"Morgan, Butler and Bennett","Loribury, AA",https://www.realpython.com,2
Make,Snyder-Lee,"Angelastad, AP",https://www.realpython.com,2
"Nurse, adult",Harris PLC,"Larrytown, AE",https://www.realpython.com,2
Air broker,Washington PLC,"West Colin, AP",https://www.realpython.com,2
"Editor, film/video","Brown, Price and Campbell","West Stephanie, AP",https://www.realpython.com,2
"Production assistant, radio",Mcgee PLC,"Laurentown, AP",https://www.realpython.com,2
"Engineer, communications",Dixon Inc,"Wrightberg, AP",https://www.realpython.com,2
Sales executive,"Thompson, Sheppard and Ward","Alberttown, AE",https://www.realpython.com,2
Software Developer (Python),Adams-Brewer,"Brockburgh, AE",https://www.realpython.com,2
Futures trader,Schneider-Brady,"North Jason, AE",https://www.realpython.com,2
Tour manager,Gonzales-Frank,"Arnoldhaven, AE",https://www.realpython.com,2
Cytogeneticist,Smith-Wong,"Lake Destiny, AP",https://www.realpython.com,2
"Designer, multimedia",Pierce-Herrera,"South Timothyburgh, AP",https://www.realpython.com,2
Trade union research officer,"Aguilar, Rivera and Quinn","New Jimmyton, AE",https://www.realpython.com,2
"Chemist, analytical","Lowe, Barnes and Thomas","New Lucasbury, AP",https://www.realpython.com,2
"Programmer, multimedia","Lewis, Gonzalez and Vasquez","Port Cory, AE",https://www.realpython.com,2
"Engineer, broadcasting (operations)",Taylor PLC,"Gileston, AA",https://www.realpython.com,2
"Teacher, primary school","Oliver, Jones and Ramirez","Cindyshire, AA",https://www.realpython.com,2
Python Developer,Rivera and Sons,"East Michaelfort, AA",https://www.realpython.com,2
Manufacturing systems engineer,Garcia PLC,"Joybury, AE",https://www.realpython.com,2
"Producer, television/film/video","Johnson, Wells and Kramer","Emmatown, AE",https://www.realpython.com,2
"Scientist, forensic",Gonzalez LLC,"Colehaven, AP",https://www.realpython.com,2
Bonds trader,"Morgan, White and Macdonald","Port Coryton, AE",https://www.realpython.com,2
Editorial assistant,Robinson-Fitzpatrick,"Amyborough, AA",https://www.realpython.com,2
Photographer,"Waters, Wilson and Hoover","Reynoldsville, AA",https://www.realpython.com,2
Retail banker,Hill LLC,"Port Billy, AP",https://www.realpython.com,2
Jewellery designer,Li-Gregory,"Adamburgh, AA",https://www.realpython.com,2
Ophthalmologist,"Fisher, Ryan and Coleman","Wilsonmouth, AA",https://www.realpython.com,2
"Back-End Web Developer (Python, Django)",Stewart-Alexander,"South Kimberly, AA",https://www.realpython.com,2
Licensed conveyancer,Abbott and Sons,"Benjaminland, AP",https://www.realpython.com,2
Futures trader,"Bryant, Santana and Davenport","Zacharyport, AA",https://www.realpython.com,2
Counselling psychologist,Smith PLC,"Port Devonville, AE",https://www.realpython.com,2
Insurance underwriter,Patterson-Singh,"East Thomas, AE",https://www.realpython.com,2
"Engineer, automotive",Martinez-Berry,"New Jeffrey, AP",https://www.realpython.com,2
"Producer, radio","May, Taylor and Fisher","Davidside, AA",https://www.realpython.com,2
Dispensing optician,"Bailey, Owen and Thompson","Jamesville, AA",https://www.realpython.com,2
"Designer, fashion/clothing",Vasquez Ltd,"New Kelly, AP",https://www.realpython.com,2
Chartered loss adjuster,Leblanc LLC,"Lake Antonio, AA",https://www.realpython.com,2
"Back-End Web Developer (Python, Django)","Jackson, Ali and Mckee","New Elizabethside, AA",https://www.realpython.com,2
Forest/woodland manager,"Blankenship, Knight and Powell","Millsbury, AE",https://www.realpython.com,2
Clinical cytogeneticist,"Patton, Haynes and Jones","Lloydton, AP",https://www.realpython.com,2
Print production planner,Wood Inc,"Port Jeremy, AA",https://www.realpython.com,2
Systems developer,Collins Group,"New Elizabethtown, AA",https://www.realpython.com,2
Graphic designer,Flores-Nelson,"Charlesstad, AE",https://www.realpython.com,2
Writer,"Mitchell, Jones and Olson","Josephbury, AE",https://www.realpython.com,2
Field seismologist,Howard Group,"Seanfurt, AA",https://www.realpython.com,2
Chief Strategy Officer,Kramer-Edwards,"Williambury, AA",https://www.realpython.com,2
Air cabin crew,Berry-Houston,"South Jorgeside, AP",https://www.realpython.com,2
Python Programmer (Entry-Level),Mathews Inc,"Robertborough, AP",https://www.realpython.com,2
Warden/ranger,Riley-Johnson,"South Saratown, AP",https://www.realpython.com,2
Sports therapist,Spencer and Sons,"Hullview, AA",https://www.realpython.com,2
Arts development officer,Camacho-Sanchez,"Philipland, AP",https://www.realpython.com,2
Printmaker,Oliver and Sons,"North Patty, AE",https://www.realpython.com,2
Health and safety adviser,Eaton PLC,"North Stephen, AE",https://www.realpython.com,2
Manufacturing systems engineer,Stanley-Frederick,"Stevensland, AP",https://www.realpython.com,2
"Programmer, applications",Bradley LLC,"Reyesstad, AE",https://www.realpython.com,2
Medical physicist,"Parker, Goodwin and Zavala","Bellberg, AP",https://www.realpython.com,2
Media planner,Kim-Miles,"North Johnland, AE",https://www.realpython.com,2
Software Developer (Python),Moreno-Rodriguez,"Martinezburgh, AE",https://www.realpython.com,2
"Surveyor, land/geomatics",Brown-Ortiz,"Joshuatown, AE",https://www.realpython.com,2
Legal executive,Hartman PLC,"West Ericstad, AA",https://www.realpython.com,2
"Librarian, academic",Brooks Inc,"Tuckertown, AE",https://www.realpython.com,2
Barrister,Washington-Castillo,"Perezton, AE",https://www.realpython.com,2
Museum/gallery exhibitions officer,"Nguyen, Yoder and Petty","Lake Abigail, AE",https://www.realpython.com,2
"Radiographer, diagnostic",Holder LLC,"Jacobshire, AP",https://www.realpython.com,2
Database administrator,Yates-Ferguson,"Port Susan, AE",https://www.realpython.com,2
Furniture designer,Ortega-Lawrence,"North Tiffany, AA",https://www.realpython.com,2
Ship broker,"Fuentes, Walls and Castro","Michelleville, AP",https://www.realpython.com,2
Senior Python Developer,"Payne, Roberts and Davis","Stewartbury, AA",https://www.realpython.com,3
Energy engineer,Vasquez-Davidson,"Christopherville, AA",https://www.realpython.com,3
Legal executive,"Jackson, Chambers and Levy","Port Ericaburgh, AA",https://www.realpython.com,3
Fitness centre manager,Savage-Bradley,"East Seanview, AP",https://www.realpython.com,3
Product manager,Ramirez Inc,"North Jamieview, AP",https://www.realpython.com,3
Medical technical officer,Rogers-Yates,"Davidville, AP",https://www.realpython.com,3
Physiological scientist,Kramer-Klein,"South Christopher, AE",https://www.realpython.com,3
Textile designer,Meyers-Johnson,"Port Jonathan, AE",https://www.realpython.com,3
Television floor manager,Hughes-Williams,"Osbornetown, AE",https://www.realpython.com,3
Waste management officer,"Jones, Williams and Villa","Scotttown, AP",https://www.realpython.com,3
Software Engineer (Python),Garcia PLC,"Ericberg, AE",https://www.realpython.com,3
Interpreter,Gregory and Sons,"Ramireztown, AE",https://www.realpython.com,3
Architect,"Clark, Garcia and Sosa","Figueroaview, AA",https://www.realpython.com,3
Meteorologist,Bush PLC,"Kelseystad, AA",https://www.realpython.com,3
Audiological scientist,Salazar-Meyers,"Williamsburgh, AE",https://www.realpython.com,3
English as a second language teacher,"Parker, Murphy and Brooks","Mitchellburgh, AE",https://www.realpython.com,3
Surgeon,Cruz-Brown,"West Jessicabury, AA",https://www.realpython.com,3
Equities trader,Macdonald-Ferguson,"Maloneshire, AE",https://www.realpython.com,3
Newspaper journalist,"Williams, Peterson and Rojas","Johnsonton, AA",https://www.realpython.com,3
Materials engineer,Smith and Sons,"South Davidtown, AP",https://www.realpython.com,3
Python Programmer (Entry-Level),"Moss, Duncan and Allen","Port Sara, AE",https://www.realpython.com,3
Product/process development scientist,Gomez-Carroll,"Marktown, AA",https://www.realpython.com,3
"Scientist, research (maths)","Manning, Welch and Herring","Laurenland, AE",https://www.realpython.com,3
Ecologist,"Lee, Gutierrez and Brown","Lauraton, AP",https://www.realpython.com,3
Materials engineer,"Davis, Serrano and Cook","South Tammyberg, AP",https://www.realpython.com,3
Historic buildings inspector/conservation officer,Smith LLC,"North Brandonville, AP",https://www.realpython.com,3
Data scientist,Thomas Group,"Port Robertfurt, AA",https://www.realpython.com,3
Psychiatrist,Silva-King,"Burnettbury, AE",https://www.realpython.com,3
Structural engineer,Pierce-Long,"Herbertside, AA",https://www.realpython.com,3
Immigration officer,Walker-Simpson,"Christopherport, AP",https://www.realpython.com,3
Python Programmer (Entry-Level),Cooper and Sons,"West Victor, AE",https://www.realpython.com,3
Neurosurgeon,"Donovan, Gonzalez and Figueroa","Port Aaron, AP",https://www.realpython.com,3
Broadcast engineer,"Morgan, Butler and Bennett","Loribury, AA",https://www.realpython.com,3
Make,Snyder-Lee,"Angelastad, AP",https://www.realpython.com,3
"Nurse, adult",Harris PLC,"Larrytown, AE",https://www.realpython.com,3
Air broker,Washington PLC,"West Colin, AP",https://www.realpython.com,3
"Editor, film/video","Brown, Price and Campbell","West Stephanie, AP",https://www.realpython.com,3
"Production assistant, radio",Mcgee PLC,"Laurentown, AP",https://www.realpython.com,3
"Engineer, communications",Dixon Inc,"Wrightberg, AP",https://www.realpython.com,3
Sales executive,"Thompson, Sheppard and Ward","Alberttown, AE",https://www.realpython.com,3
Software Developer (Python),Adams-Brewer,"Brockburgh, AE",https://www.realpython.com,3
Futures trader,Schneider-Brady,"North Jason, AE",https://www.realpython.com,3
Tour manager,Gonzales-Frank,"Arnoldhaven, AE",https://www.realpython.com,3
Cytogeneticist,Smith-Wong,"Lake Destiny, AP",https://www.realpython.com,3
"Designer, multimedia",Pierce-Herrera,"South Timothyburgh, AP",https://www.realpython.com,3
Trade union research officer,"Aguilar, Rivera and Quinn","New Jimmyton, AE",https://www.realpython.com,3
"Chemist, analytical","Lowe, Barnes and Thomas","New Lucasbury, AP",https://www.realpython.com,3
"Programmer, multimedia","Lewis, Gonzalez and Vasquez","Port Cory, AE",https://www.realpython.com,3
"Engineer, broadcasting (operations)",Taylor PLC,"Gileston, AA",https://www.realpython.com,3
"Teacher, primary school","Oliver, Jones and Ramirez","Cindyshire, AA",https://www.realpython.com,3
Python Developer,Rivera and Sons,"East Michaelfort, AA",https://www.realpython.com,3
Manufacturing systems engineer,Garcia PLC,"Joybury, AE",https://www.realpython.com,3
"Producer, television/film/video","Johnson, Wells and Kramer","Emmatown, AE",https://www.realpython.com,3
"Scientist, forensic",Gonzalez LLC,"Colehaven, AP",https://www.realpython.com,3
Bonds trader,"Morgan, White and Macdonald","Port Coryton, AE",https://www.realpython.com,3
Editorial assistant,Robinson-Fitzpatrick,"Amyborough, AA",https://www.realpython.com,3
Photographer,"Waters, Wilson and Hoover","Reynoldsville, AA",https://www.realpython.com,3
Retail banker,Hill LLC,"Port Billy, AP",https://www.realpython.com,3
Jewellery designer,Li-Gregory,"Adamburgh, AA",https://www.realpython.com,3
Ophthalmologist,"Fisher, Ryan and Coleman","Wilsonmouth, AA",https://www.realpython.com,3
"Back-End Web Developer (Python, Django)",Stewart-Alexander,"South Kimberly, AA",https://www.realpython.com,3
Licensed conveyancer,Abbott and Sons,"Benjaminland, AP",https://www.realpython.com,3
Futures trader,"Bryant, Santana and Davenport","Zacharyport, AA",https://www.realpython.com,3
Counselling psychologist,Smith PLC,"Port Devonville, AE",https://www.realpython.com,3
Insurance underwriter,Patterson-Singh,"East Thomas, AE",https://www.realpython.com,3
"Engineer, automotive",Martinez-Berry,"New Jeffrey, AP",https://www.realpython.com,3
"Producer, radio","May, Taylor and Fisher","Davidside, AA",https://www.realpython.com,3
Dispensing optician,"Bailey, Owen and Thompson","Jamesville, AA",https://www.realpython.com,3
"Designer, fashion/clothing",Vasquez Ltd,"New Kelly, AP",https://www.realpython.com,3
Chartered loss adjuster,Leblanc LLC,"Lake Antonio, AA",https://www.realpython.com,3
"Back-End Web Developer (Python, Django)","Jackson, Ali and Mckee","New Elizabethside, AA",https://www.realpython.com,3
Forest/woodland manager,"Blankenship, Knight and Powell","Millsbury, AE",https://www.realpython.com,3
Clinical cytogeneticist,"Patton, Haynes and Jones","Lloydton, AP",https://www.realpython.com,3
Print production planner,Wood Inc,"Port Jeremy, AA",https://www.realpython.com,3
Systems developer,Collins Group,"New Elizabethtown, AA",https://www.realpython.com,3
Graphic designer,Flores-Nelson,"Charlesstad, AE",https://www.realpython.com,3
Writer,"Mitchell, Jones and Olson","Josephbury, AE",https://www.realpython.com,3
Field seismologist,Howard Group,"Seanfurt, AA",https://www.realpython.com,3
Chief Strategy Officer,Kramer-Edwards,"Williambury, AA",https://www.realpython.com,3
Air cabin crew,Berry-Houston,"South Jorgeside, AP",https://www.realpython.com,3
Python Programmer (Entry-Level),Mathews Inc,"Robertborough, AP",https://www.realpython.com,3
Warden/ranger,Riley-Johnson,"South Saratown, AP",https://www.realpython.com,3
Sports therapist,Spencer and Sons,"Hullview, AA",https://www.realpython.com,3
Arts development officer,Camacho-Sanchez,"Philipland, AP",https://www.realpython.com,3
Printmaker,Oliver and Sons,"North Patty, AE",https://www.realpython.com,3
Health and safety adviser,Eaton PLC,"North Stephen, AE",https://www.realpython.com,3
Manufacturing systems engineer,Stanley-Frederick,"Stevensland, AP",https://www.realpython.com,3
"Programmer, applications",Bradley LLC,"Reyesstad, AE",https://www.realpython.com,3
Medical physicist,"Parker, Goodwin and Zavala","Bellberg, AP",https://www.realpython.com,3
Media planner,Kim-Miles,"North Johnland, AE",https://www.realpython.com,3
Software Developer (Python),Moreno-Rodriguez,"Martinezburgh, AE",https://www.realpython.com,3
"Surveyor, land/geomatics",Brown-Ortiz,"Joshuatown, AE",https://www.realpython.com,3
Legal executive,Hartman PLC,"West Ericstad, AA",https://www.realpython.com,3
"Librarian, academic",Brooks Inc,"Tuckertown, AE",https://www.realpython.com,3
Barrister,Washington-Castillo,"Perezton, AE",https://www.realpython.com,3
Museum/gallery exhibitions officer,"Nguyen, Yoder and Petty","Lake Abigail, AE",https://www.realpython.com,3
"Radiographer, diagnostic",Holder LLC,"Jacobshire, AP",https://www.realpython.com,3
Database administrator,Yates-Ferguson,"Port Susan, AE",https://www.realpython.com,3
Furniture designer,Ortega-Lawrence,"North Tiffany, AA",https://www.realpython.com,3
Ship broker,"Fuentes, Walls and Castro","Michelleville, AP",https://www.realpython.com,3
